path	size_bytes	mode	kind	description	sha256
/usr/lib/modules/7.1.0/kernel/drivers/hid/hid-generic.ko	5957	-rw-r--r--	ELF	ELF 32-bit LSB relocatable, Intel i386, version 1 (SYSV), BuildID[sha1]=cf9f5093d847734fc36967310a5db9bd1c5e256d, not stripped	bd7aa9b7048353d46c816d8d7d6155ad1746d5aa2c9630d75e647ede1c0a2054
/usr/lib/modules/7.1.0/kernel/drivers/hid/hid.ko	247533	-rw-r--r--	ELF	ELF 32-bit LSB relocatable, Intel i386, version 1 (SYSV), BuildID[sha1]=420025f0c0957110dca7090e09bc3aef4d6a9856, not stripped	28fd7dfdccc8411d35b583e01cacc589c6032abc753225cd810cfad5a401f5a5
/usr/lib/modules/7.1.0/kernel/drivers/hid/usbhid/usbhid.ko	41073	-rw-r--r--	ELF	ELF 32-bit LSB relocatable, Intel i386, version 1 (SYSV), BuildID[sha1]=cea73429fced3e80c16f6e527f8328426a2eb5f1, not stripped	66990899844145f7b65bacceee85511426d982ba69fe88473c94209c338ab1c0
/usr/lib/modules/7.1.0/kernel/drivers/net/usb/cdc_ether.ko	23329	-rw-r--r--	ELF	ELF 32-bit LSB relocatable, Intel i386, version 1 (SYSV), BuildID[sha1]=eb6fe172a948421f20b0a92f13b7f373aa7ea6a4, not stripped	a3ee558585764c13a9b9f0627e8718056b7b4f93dcf1e0f3d3c5e6153027d589
/usr/lib/modules/7.1.0/kernel/drivers/net/usb/cdc_ncm.ko	48949	-rw-r--r--	ELF	ELF 32-bit LSB relocatable, Intel i386, version 1 (SYSV), BuildID[sha1]=bfa9d6bcf9e738c4a256710bae4513e34d710cc4, not stripped	eda08b45fed720f110be4917465a13445df8c296ff33e77649e0d628b22e0714
/usr/lib/modules/7.1.0/kernel/drivers/net/usb/r8153_ecm.ko	7569	-rw-r--r--	ELF	ELF 32-bit LSB relocatable, Intel i386, version 1 (SYSV), BuildID[sha1]=e1841fe1bac49d04573d838dd1639b83b70de99b, not stripped	74bd13c9839f651eda7556dd92da69bb2d3dc081ffbf08c2590c2f236d50605a
/usr/lib/modules/7.1.0/kernel/drivers/net/usb/usbnet.ko	63449	-rw-r--r--	ELF	ELF 32-bit LSB relocatable, Intel i386, version 1 (SYSV), BuildID[sha1]=effc644bbdd20ea0ff6fc438686b49d2ddf32e37, not stripped	28c5dcb90884ca10f3ef87e291b8e30f3cc659876c0969b476dafab959e14590
/usr/lib/modules/7.1.0/kernel/drivers/usb/class/cdc-acm.ko	55361	-rw-r--r--	ELF	ELF 32-bit LSB relocatable, Intel i386, version 1 (SYSV), BuildID[sha1]=e6a9821eacaeae47c17d97c1584d12bbdc575178, not stripped	d5194f70690e6752a2351af8454094b2238dab8d72c10b7b768702a1b52bc86a
/usr/lib/modules/7.1.0/kernel/drivers/usb/class/cdc-wdm.ko	28577	-rw-r--r--	ELF	ELF 32-bit LSB relocatable, Intel i386, version 1 (SYSV), BuildID[sha1]=50a7ae3697a378d94d484906dc2055f0dc8a2945, not stripped	7f1d69e35f9a150b86d672399a782d2f6dfb3d9b606249512423c4373eb24aba
/usr/lib/modules/7.1.0/kernel/drivers/usb/class/usblp.ko	27849	-rw-r--r--	ELF	ELF 32-bit LSB relocatable, Intel i386, version 1 (SYSV), BuildID[sha1]=a442ec98b125fd162d37deced38c81847ff98e48, not stripped	d7456bc3e0cca09479d71bcde7a2fe2ae308e2bcb411e7e362e638c6844c4039
/usr/lib/modules/7.1.0/kernel/drivers/usb/common/usb-common.ko	18865	-rw-r--r--	ELF	ELF 32-bit LSB relocatable, Intel i386, version 1 (SYSV), BuildID[sha1]=7d65de85dbbf290afeb3e9bbeb1905f62d787098, not stripped	bfd883a4a1d481f0d7d2df5982c764130e5f3d7ca930470511b23d6b817d38bd
/usr/lib/modules/7.1.0/kernel/drivers/usb/core/usbcore.ko	370125	-rw-r--r--	ELF	ELF 32-bit LSB relocatable, Intel i386, version 1 (SYSV), BuildID[sha1]=f0f7e3fdf5cadbf928ce921157d4ee95fd422c2b, not stripped	faa9c01ae500991e459d746d0c983e8abe6e9cce9a1f06933172df4aec7e5bac
/usr/lib/modules/7.1.0/kernel/drivers/usb/host/ehci-hcd.ko	96341	-rw-r--r--	ELF	ELF 32-bit LSB relocatable, Intel i386, version 1 (SYSV), BuildID[sha1]=1eaaa0dde6194aa7858f73bba40a7fce2e921cba, not stripped	f27fc28ba8246a113416baafcd3a7c4967fe61c7d6f8f5ee2f0c77a06769925d
/usr/lib/modules/7.1.0/kernel/drivers/usb/host/ehci-pci.ko	12225	-rw-r--r--	ELF	ELF 32-bit LSB relocatable, Intel i386, version 1 (SYSV), BuildID[sha1]=424c182b29f27fcfa58e7e4908af449a981abe59, not stripped	039377a4450398ac0ddbd8cdf55790d66f7b96cd599826a01cf9d7d32c0e35f6
/usr/lib/modules/7.1.0/kernel/drivers/usb/host/ohci-hcd.ko	61761	-rw-r--r--	ELF	ELF 32-bit LSB relocatable, Intel i386, version 1 (SYSV), BuildID[sha1]=f7f22a4963e47c2fdd31e6b2062f128f02065e72, not stripped	27005bd51e09ae02325816900fd36cf1e4b9c03acff04f1574ea64cc67f9add1
/usr/lib/modules/7.1.0/kernel/drivers/usb/host/ohci-pci.ko	12365	-rw-r--r--	ELF	ELF 32-bit LSB relocatable, Intel i386, version 1 (SYSV), BuildID[sha1]=7c7fe8743326fd5b054b4cb70c81b516a51f2333, not stripped	9383a82aa024f8bd5c616b72652417f8dd57f06947ec1cccb559ba8a47835350
/usr/lib/modules/7.1.0/kernel/drivers/usb/host/uhci-hcd.ko	52713	-rw-r--r--	ELF	ELF 32-bit LSB relocatable, Intel i386, version 1 (SYSV), BuildID[sha1]=f58fdad74b8e989b786364107fd0a88b6eba3142, not stripped	5311de065eba360e36c19e5ad99cc9e3ccdfd57fa7bf649b710863afa989c07a
/usr/lib/modules/7.1.0/kernel/drivers/usb/storage/usb-storage.ko	115665	-rw-r--r--	ELF	ELF 32-bit LSB relocatable, Intel i386, version 1 (SYSV), BuildID[sha1]=69ac1b7ea98817a6025cf4b8e930672287f88c35, not stripped	bfdcf808dd8d63f6f34aedd6c1d244e444c5b5845d7187858103efe52a88edb8
/usr/lib/modules/7.1.0/kernel/drivers/video/fbdev/pc98cirrusfb.ko	9081	-rw-r--r--	ELF	ELF 32-bit LSB relocatable, Intel i386, version 1 (SYSV), BuildID[sha1]=805c83ef68f41911fcc8fa4238d185564036c9e7, not stripped	ce17e214ffb6628072d83f6846b3dd2c866dcc10bf9e4a655a06dc5f97ba9d9b
/usr/lib/modules/7.1.0/kernel/drivers/video/fbdev/pc98tridentfb.ko	26073	-rw-r--r--	ELF	ELF 32-bit LSB relocatable, Intel i386, version 1 (SYSV), BuildID[sha1]=0e9d6abf726303456daebd54091e0ecfb5755ce6, not stripped	c8abfa09e651b7e3ee93d47d1b357d2d82de0fae8c024ff4300d1dd26aa458d1
/usr/lib/modules/7.1.0/kernel/kernel/configs.ko	33801	-rw-r--r--	ELF	ELF 32-bit LSB relocatable, Intel i386, version 1 (SYSV), BuildID[sha1]=f3a70046e24767ee33bf3e53a205554156d73e37, not stripped	5901c1b2b01ba1cc900be84b595dff57be5c5ac2f7c7bec1bc4657ad753bd0d6
